{
  "season_id": "s1-2026",
  "generated_at": "2026-05-28T19:51:34.124887Z",
  "next_matchday": {
    "Alberto Niccolai": {
      "win": 0.17253098760495802,
      "podio": 0.4476209516193523,
      "over30": 0.06697321071571372,
      "over25": 0.26489404238304676,
      "over20": 0.5981607357057177
    },
    "Daniele Ninci": {
      "win": 0.12994802079168333,
      "podio": 0.3218712514994002,
      "over30": 0.06477409036385445,
      "over25": 0.19612155137944823,
      "over20": 0.43162734906037586
    },
    "Andrea Della Maggiora": {
      "win": 0.1943222710915634,
      "podio": 0.37624950019992004,
      "over30": 0.1327469012395042,
      "over25": 0.27129148340663733,
      "over20": 0.45861655337864854
    },
    "Gianluca Becuzzi": {
      "win": 0.13894442223110756,
      "podio": 0.351859256297481,
      "over30": 0.07616953218712515,
      "over25": 0.22051179528188725,
      "over20": 0.446421431427429
    },
    "Matteo Brini": {
      "win": 0.11815273890443823,
      "podio": 0.34206317473010794,
      "over30": 0.06057576969212315,
      "over25": 0.21431427429028388,
      "over20": 0.45081967213114754
    },
    "Francesco Pepe": {
      "win": 0.028388644542183126,
      "podio": 0.18572570971611355,
      "over30": 0.004398240703718513,
      "over25": 0.05897640943622551,
      "over20": 0.3046781287485006
    },
    "Tommaso Banchini": {
      "win": 0.023190723710515795,
      "podio": 0.1835265893642543,
      "over30": 0.001799280287884846,
      "over25": 0.036585365853658534,
      "over20": 0.3124750099960016
    },
    "Emanuele Bertolucci": {
      "win": 0.019992003198720514,
      "podio": 0.09736105557776889,
      "over30": 0.006597361055577769,
      "over25": 0.04458216713314674,
      "over20": 0.163734506197521
    },
    "Antonio Nicolosi": {
      "win": 0.062375049980008,
      "podio": 0.1995201919232307,
      "over30": 0.03398640543782487,
      "over25": 0.12255097960815674,
      "over20": 0.3044782087165134
    },
    "Andrea Romboli": {
      "win": 0.052778888444622155,
      "podio": 0.15033986405437824,
      "over30": 0.03458616553378648,
      "over25": 0.10555777688924431,
      "over20": 0.20771691323470612
    },
    "Chiara Tomaiuolo": {
      "win": 0.015793682526989206,
      "podio": 0.10015993602558976,
      "over30": 0.001999200319872051,
      "over25": 0.030987604958016793,
      "over20": 0.1991203518592563
    },
    "Andrea Strappato": {
      "win": 0.015793682526989206,
      "podio": 0.09796081567373051,
      "over30": 0.003998400639744102,
      "over25": 0.03478608556577369,
      "over20": 0.18912435025989605
    },
    "Andrea Picchi": {
      "win": 0.0023990403838464614,
      "podio": 0.01759296281487405,
      "over30": 0.00039984006397441024,
      "over25": 0.003598560575769692,
      "over20": 0.034186325469812075
    },
    "Francesco Rogo": {
      "win": 0.014394242303078768,
      "podio": 0.06817273090763694,
      "over30": 0.005397840863654539,
      "over25": 0.03158736505397841,
      "over20": 0.1131547381047581
    },
    "Paolo Masini": {
      "win": 0.003998400639744102,
      "podio": 0.027588964414234307,
      "over30": 0.0005997600959616154,
      "over25": 0.00859656137544982,
      "over20": 0.054578168732506996
    },
    "Giovanni Cerretani": {
      "win": 0.009796081567373051,
      "podio": 0.03438624550179928,
      "over30": 0.003998400639744102,
      "over25": 0.020791683326669332,
      "over20": 0.05917632946821272
    }
  },
  "season": {
    "Alberto Niccolai": {
      "win": 0.9999500049995,
      "podio": 0.9999500049995,
      "top5": 0.9999500049995,
      "best_over": 0.1212878712128787,
      "best_over_plus5": 0.008099190080991902,
      "media_over": 0.00044995500449955,
      "avg18": 0.9999000099990001,
      "best_over_thr1_value": 35,
      "best_over_thr2_value": 40,
      "media_over_thr_value": 25
    },
    "Daniele Ninci": {
      "win": 4.999500049995001e-05,
      "podio": 0.9999500049995,
      "top5": 0.9999500049995,
      "best_over": 0.6784321567843216,
      "best_over_plus5": 0.20722927707229277,
      "media_over": 4.999500049995001e-05,
      "avg18": 0.9258074192580742,
      "best_over_thr1_value": 30,
      "best_over_thr2_value": 35,
      "media_over_thr_value": 25
    },
    "Andrea Della Maggiora": {
      "win": 4.999500049995001e-05,
      "podio": 0.9999500049995,
      "top5": 0.9999500049995,
      "best_over": 0.5794920507949205,
      "best_over_plus5": 0.22877712228777122,
      "media_over": 0.0008499150084991501,
      "avg18": 0.8780621937806219,
      "best_over_thr1_value": 35,
      "best_over_thr2_value": 40,
      "media_over_thr_value": 25
    },
    "Gianluca Becuzzi": {
      "win": 4.999500049995001e-05,
      "podio": 4.999500049995001e-05,
      "top5": 0.9999500049995,
      "best_over": 0.7351764823517648,
      "best_over_plus5": 0.2554244575542446,
      "media_over": 0.17018298170182983,
      "avg18": 0.7408759124087592,
      "best_over_thr1_value": 30,
      "best_over_thr2_value": 35,
      "media_over_thr_value": 20
    },
    "Matteo Brini": {
      "win": 4.999500049995001e-05,
      "podio": 4.999500049995001e-05,
      "top5": 0.9999500049995,
      "best_over": 0.029147085291470854,
      "best_over_plus5": 0.00324967503249675,
      "media_over": 4.999500049995001e-05,
      "avg18": 0.8888611138886111,
      "best_over_thr1_value": 40,
      "best_over_thr2_value": 45,
      "media_over_thr_value": 25
    },
    "Francesco Pepe": {
      "win": 4.999500049995001e-05,
      "podio": 4.999500049995001e-05,
      "top5": 4.999500049995001e-05,
      "best_over": 0.6623337666233376,
      "best_over_plus5": 0.07549245075492451,
      "media_over": 0.00294970502949705,
      "avg18": 0.3743125687431257,
      "best_over_thr1_value": 25,
      "best_over_thr2_value": 30,
      "media_over_thr_value": 20
    },
    "Tommaso Banchini": {
      "win": 4.999500049995001e-05,
      "podio": 4.999500049995001e-05,
      "top5": 4.999500049995001e-05,
      "best_over": 0.516998300169983,
      "best_over_plus5": 0.022747725227477252,
      "media_over": 4.999500049995001e-05,
      "avg18": 0.1728827117288271,
      "best_over_thr1_value": 25,
      "best_over_thr2_value": 30,
      "media_over_thr_value": 20
    },
    "Emanuele Bertolucci": {
      "win": 4.999500049995001e-05,
      "podio": 4.999500049995001e-05,
      "top5": 4.999500049995001e-05,
      "best_over": 0.6207879212078792,
      "best_over_plus5": 0.14258574142585742,
      "media_over": 0.00294970502949705,
      "avg18": 0.09084091590840916,
      "best_over_thr1_value": 25,
      "best_over_thr2_value": 30,
      "media_over_thr_value": 20
    },
    "Antonio Nicolosi": {
      "win": 4.999500049995001e-05,
      "podio": 4.999500049995001e-05,
      "top5": 4.999500049995001e-05,
      "best_over": 0.41455854414558546,
      "best_over_plus5": 0.09224077592240776,
      "media_over": 0.0013498650134986501,
      "avg18": 0.07389261073892611,
      "best_over_thr1_value": 30,
      "best_over_thr2_value": 35,
      "media_over_thr_value": 20
    },
    "Andrea Romboli": {
      "win": 4.999500049995001e-05,
      "podio": 4.999500049995001e-05,
      "top5": 4.999500049995001e-05,
      "best_over": 0.48175182481751827,
      "best_over_plus5": 0.1367863213678632,
      "media_over": 0.01914808519148085,
      "avg18": 0.896960303969603,
      "best_over_thr1_value": 30,
      "best_over_thr2_value": 35,
      "media_over_thr_value": 25
    },
    "Chiara Tomaiuolo": {
      "win": 4.999500049995001e-05,
      "podio": 4.999500049995001e-05,
      "top5": 4.999500049995001e-05,
      "best_over": 0.9836016398360165,
      "best_over_plus5": 0.4597040295970403,
      "media_over": 4.999500049995001e-05,
      "avg18": 0.037696230376962306,
      "best_over_thr1_value": 20,
      "best_over_thr2_value": 25,
      "media_over_thr_value": 20
    },