{
  "season_id": "s1-2026",
  "generated_at": "2026-05-27T15:11:23.709171Z",
  "next_matchday": {
    "Alberto Niccolai": {
      "win": 0.179328268692523,
      "podio": 0.4926029588164734,
      "over25": 0.23650539784086366,
      "over20": 0.5827668932427029
    },
    "Daniele Ninci": {
      "win": 0.1409436225509796,
      "podio": 0.34506197520991605,
      "over25": 0.1879248300679728,
      "over20": 0.4266293482606957
    },
    "Andrea Della Maggiora": {
      "win": 0.1531387445021991,
      "podio": 0.31447421031587364,
      "over25": 0.19752099160335865,
      "over20": 0.3706517393042783
    },
    "Gianluca Becuzzi": {
      "win": 0.1603358656537385,
      "podio": 0.3862455017992803,
      "over25": 0.21271491403438625,
      "over20": 0.4622151139544182
    },
    "Matteo Brini": {
      "win": 0.14354258296681327,
      "podio": 0.3640543782487005,
      "over25": 0.19772091163534586,
      "over20": 0.4358256697321072
    },
    "Francesco Pepe": {
      "win": 0.04378248700519792,
      "podio": 0.21351459416233506,
      "over25": 0.060775689724110356,
      "over20": 0.2956817273090764
    },
    "Tommaso Banchini": {
      "win": 0.03058776489404238,
      "podio": 0.20431827269092362,
      "over25": 0.03718512594962015,
      "over20": 0.290483806477409
    },
    "Antonio Nicolosi": {
      "win": 0.07716913234706117,
      "podio": 0.23390643742502998,
      "over25": 0.10995601759296282,
      "over20": 0.3000799680127949
    },
    "Emanuele Bertolucci": {
      "win": 0.03378648540583767,
      "podio": 0.1295481807277089,
      "over25": 0.04918032786885246,
      "over20": 0.17652938824470213
    },
    "Andrea Romboli": {
      "win": 0.07177129148340664,
      "podio": 0.16553378648540584,
      "over25": 0.101359456217513,
      "over20": 0.20531787285085965
    },
    "Chiara Tomaiuolo": {
      "win": 0.026789284286285485,
      "podio": 0.13094762095161935,
      "over25": 0.030187924830067974,
      "over20": 0.1909236305477809
    },
    "Andrea Strappato": {
      "win": 0.023990403838464614,
      "podio": 0.11935225909636145,
      "over25": 0.02618952419032387,
      "over20": 0.17093162734906037
    },
    "Andrea Picchi": {
      "win": 0.003998400639744102,
      "podio": 0.026389444222311077,
      "over25": 0.0037984806077568972,
      "over20": 0.03958416633346661
    },
    "Francesco Rogo": {
      "win": 0.016993202718912435,
      "podio": 0.0743702518992403,
      "over25": 0.0273890443822471,
      "over20": 0.10595761695321872
    },
    "Paolo Masini": {
      "win": 0.006397441023590564,
      "podio": 0.035385845661735305,
      "over25": 0.007197121151539384,
      "over20": 0.05317872850859656
    },
    "Giovanni Cerretani": {
      "win": 0.011595361855257898,
      "podio": 0.040383846461415435,
      "over25": 0.018192722910835665,
      "over20": 0.053378648540583766
    }
  },
  "season": {
    "Alberto Niccolai": 0.7962703729627038,
    "Daniele Ninci": 0.12383761623837616,
    "Andrea Della Maggiora": 0.017348265173482653,
    "Gianluca Becuzzi": 0.039646035396460354,
    "Matteo Brini": 0.0226977302269773,
    "Francesco Pepe": 0.00029997000299970003,
    "Tommaso Banchini": 9.999000099990002e-05,
    "Antonio Nicolosi": 9.999000099990002e-05,
    "Emanuele Bertolucci": 4.999500049995001e-05,
    "Andrea Romboli": 4.999500049995001e-05,
    "Chiara Tomaiuolo": 4.999500049995001e-05,
    "Andrea Strappato": 4.999500049995001e-05,
    "Andrea Picchi": 4.999500049995001e-05,
    "Francesco Rogo": 4.999500049995001e-05,
    "Paolo Masini": 4.999500049995001e-05,
    "Giovanni Cerretani": 4.999500049995001e-05
  }
}