{
  "season_id": "s1-2026",
  "generated_at": "2026-06-03T00:59:44.114491Z",
  "next_matchday": {
    "Alberto Niccolai": {
      "win": 0.17233106757297081,
      "podio": 0.44702119152339065,
      "over30": 0.06597361055577769,
      "over25": 0.26369452219112355,
      "over20": 0.5951619352259097
    },
    "Daniele Ninci": {
      "win": 0.1289484206317473,
      "podio": 0.32287085165933627,
      "over30": 0.06417433026789285,
      "over25": 0.19612155137944823,
      "over20": 0.4306277489004398
    },
    "Andrea Della Maggiora": {
      "win": 0.19452219112355057,
      "podio": 0.3750499800079968,
      "over30": 0.1321471411435426,
      "over25": 0.27029188324670134,
      "over20": 0.4580167932826869
    },
    "Gianluca Becuzzi": {
      "win": 0.13954418232706917,
      "podio": 0.3516593362654938,
      "over30": 0.07576969212315074,
      "over25": 0.21991203518592564,
      "over20": 0.4446221511395442
    },
    "Matteo Brini": {
      "win": 0.11815273890443823,
      "podio": 0.3426629348260696,
      "over30": 0.05977608956417433,
      "over25": 0.21311475409836064,
      "over20": 0.4498200719712115
    },
    "Francesco Pepe": {
      "win": 0.028188724510195922,
      "podio": 0.1837265093962415,
      "over30": 0.004398240703718513,
      "over25": 0.0585765693722511,
      "over20": 0.30207916833266696
    },
    "Tommaso Banchini": {
      "win": 0.023390643742503,
      "podio": 0.1831267493002799,
      "over30": 0.001799280287884846,
      "over25": 0.03638544582167133,
      "over20": 0.3092762894842063
    },
    "Emanuele Bertolucci": {
      "win": 0.020191923230707717,
      "podio": 0.09836065573770492,
      "over30": 0.006597361055577769,
      "over25": 0.04438224710115954,
      "over20": 0.16313474610155937
    },
    "Antonio Nicolosi": {
      "win": 0.0627748900439824,
      "podio": 0.20091963214714115,
      "over30": 0.03378648540583767,
      "over25": 0.1213514594162335,
      "over20": 0.3034786085565774
    },
    "Andrea Romboli": {
      "win": 0.05197920831667333,
      "podio": 0.149140343862455,
      "over30": 0.03438624550179928,
      "over25": 0.10395841663334666,
      "over20": 0.2069172331067573
    },
    "Chiara Tomaiuolo": {
      "win": 0.016193522590963613,
      "podio": 0.10235905637744902,
      "over30": 0.001999200319872051,
      "over25": 0.03198720511795282,
      "over20": 0.19772091163534586
    },
    "Andrea Strappato": {
      "win": 0.01599360255897641,
      "podio": 0.0977608956417433,
      "over30": 0.0037984806077568972,
      "over25": 0.03438624550179928,
      "over20": 0.1875249900039984
    },
    "Andrea Picchi": {
      "win": 0.0025989604158336665,
      "podio": 0.01759296281487405,
      "over30": 0.00039984006397441024,
      "over25": 0.003598560575769692,
      "over20": 0.03358656537385046
    },
    "Francesco Rogo": {
      "win": 0.014194322271091563,
      "podio": 0.06877249100359856,
      "over30": 0.005197920831667333,
      "over25": 0.031187524990004,
      "over20": 0.11135545781687325
    },
    "Paolo Masini": {
      "win": 0.003998400639744102,
      "podio": 0.026789284286285485,
      "over30": 0.0005997600959616154,
      "over25": 0.00859656137544982,
      "over20": 0.053778488604558174
    },
    "Giovanni Cerretani": {
      "win": 0.009796081567373051,
      "podio": 0.034186325469812075,
      "over30": 0.003998400639744102,
      "over25": 0.02039184326269492,
      "over20": 0.058776489404238304
    }
  },
  "season": {
    "Alberto Niccolai": {
      "win": 0.9999500049995,
      "podio": 0.9999500049995,
      "top5": 0.9999500049995,
      "best_over": 0.11678832116788321,
      "best_over_plus5": 0.007899210078992101,
      "media_over": 0.0007999200079992001,
      "avg18": 0.9999500049995,
      "best_over_thr1_value": 35,
      "best_over_thr2_value": 40,
      "media_over_thr_value": 25
    },
    "Daniele Ninci": {
      "win": 4.999500049995001e-05,
      "podio": 0.9999500049995,
      "top5": 0.9999500049995,
      "best_over": 0.6643335666433356,
      "best_over_plus5": 0.19718028197180282,
      "media_over": 4.999500049995001e-05,
      "avg18": 0.9291070892910709,
      "best_over_thr1_value": 30,
      "best_over_thr2_value": 35,
      "media_over_thr_value": 25
    },
    "Andrea Della Maggiora": {
      "win": 4.999500049995001e-05,
      "podio": 0.9999500049995,
      "top5": 0.9999500049995,
      "best_over": 0.5663433656634337,
      "best_over_plus5": 0.22027797220277973,
      "media_over": 0.0017498250174982502,
      "avg18": 0.8761123887611239,
      "best_over_thr1_value": 35,
      "best_over_thr2_value": 40,
      "media_over_thr_value": 25
    },
    "Gianluca Becuzzi": {
      "win": 4.999500049995001e-05,
      "podio": 4.999500049995001e-05,
      "top5": 0.9999500049995,
      "best_over": 0.7107789221077893,
      "best_over_plus5": 0.24047595240475952,
      "media_over": 0.16933306669333067,
      "avg18": 0.7290270972902709,
      "best_over_thr1_value": 30,
      "best_over_thr2_value": 35,
      "media_over_thr_value": 20
    },
    "Matteo Brini": {
      "win": 4.999500049995001e-05,
      "podio": 4.999500049995001e-05,
      "top5": 0.9999500049995,
      "best_over": 0.0263973602639736,
      "best_over_plus5": 0.0021497850214978504,
      "media_over": 4.999500049995001e-05,
      "avg18": 0.884961503849615,
      "best_over_thr1_value": 40,
      "best_over_thr2_value": 45,
      "media_over_thr_value": 25
    },
    "Francesco Pepe": {
      "win": 4.999500049995001e-05,
      "podio": 4.999500049995001e-05,
      "top5": 4.999500049995001e-05,
      "best_over": 0.6393360663933607,
      "best_over_plus5": 0.07089291070892911,
      "media_over": 0.00324967503249675,
      "avg18": 0.3788121187881212,
      "best_over_thr1_value": 25,
      "best_over_thr2_value": 30,
      "media_over_thr_value": 20
    },
    "Tommaso Banchini": {
      "win": 4.999500049995001e-05,
      "podio": 4.999500049995001e-05,
      "top5": 4.999500049995001e-05,
      "best_over": 0.48955104489551043,
      "best_over_plus5": 0.019498050194980503,
      "media_over": 9.999000099990002e-05,
      "avg18": 0.16543345665433457,
      "best_over_thr1_value": 25,
      "best_over_thr2_value": 30,
      "media_over_thr_value": 20
    },
    "Emanuele Bertolucci": {
      "win": 4.999500049995001e-05,
      "podio": 4.999500049995001e-05,
      "top5": 4.999500049995001e-05,
      "best_over": 0.5927907209279072,
      "best_over_plus5": 0.13683631636836316,
      "media_over": 0.0029997000299970002,
      "avg18": 0.08799120087991201,
      "best_over_thr1_value": 25,
      "best_over_thr2_value": 30,
      "media_over_thr_value": 20
    },
    "Antonio Nicolosi": {
      "win": 4.999500049995001e-05,
      "podio": 4.999500049995001e-05,
      "top5": 4.999500049995001e-05,
      "best_over": 0.4058094190580942,
      "best_over_plus5": 0.08624137586241376,
      "media_over": 0.00114988501149885,
      "avg18": 0.07704229577042296,
      "best_over_thr1_value": 30,
      "best_over_thr2_value": 35,
      "media_over_thr_value": 20
    },
    "Andrea Romboli": {
      "win": 4.999500049995001e-05,
      "podio": 4.999500049995001e-05,
      "top5": 4.999500049995001e-05,
      "best_over": 0.46040395960403957,
      "best_over_plus5": 0.12613738626137386,
      "media_over": 0.018448155184481552,
      "avg18": 0.893010698930107,
      "best_over_thr1_value": 30,
      "best_over_thr2_value": 35,
      "media_over_thr_value": 25
    },
    "Chiara Tomaiuolo": {
      "win": 4.999500049995001e-05,
      "podio": 4.999500049995001e-05,
      "top5": 4.999500049995001e-05,
      "best_over": 0.9794020597940206,
      "best_over_plus5": 0.45535446455354467,
      "media_over": 0.671032896710329,
      "avg18": 0.0025497450254974505,
      "best_over_thr1_value": 20,
      "best_over_thr2_value": 25,
      "media_over_thr_value": 15
    },