{
  "season_id": "s1-2026",
  "generated_at": "2026-05-27T19:43:57.670909Z",
  "next_matchday": {
    "Alberto Niccolai": {
      "win": 0.17912834866053579,
      "podio": 0.45761695321871254,
      "over30": 0.06317473010795682,
      "over25": 0.26109556177528986,
      "over20": 0.594562175129948
    },
    "Daniele Ninci": {
      "win": 0.13634546181527388,
      "podio": 0.3248700519792083,
      "over30": 0.062375049980008,
      "over25": 0.19352259096361454,
      "over20": 0.42882846861255497
    },
    "Andrea Della Maggiora": {
      "win": 0.15053978408636545,
      "podio": 0.31507397041183527,
      "over30": 0.093562574970012,
      "over25": 0.20971611355457817,
      "over20": 0.3860455817672931
    },
    "Gianluca Becuzzi": {
      "win": 0.15153938424630148,
      "podio": 0.35645741703318673,
      "over30": 0.07317073170731707,
      "over25": 0.21711315473810475,
      "over20": 0.4436225509796082
    },
    "Matteo Brini": {
      "win": 0.12794882047181128,
      "podio": 0.3482606957217113,
      "over30": 0.05817672930827669,
      "over25": 0.20911635345861657,
      "over20": 0.4478208716513395
    },
    "Francesco Pepe": {
      "win": 0.029988004798080767,
      "podio": 0.19472211115553778,
      "over30": 0.003998400639744102,
      "over25": 0.055777688924430226,
      "over20": 0.29928028788484606
    },
    "Tommaso Banchini": {
      "win": 0.025989604158336666,
      "podio": 0.1915233906437425,
      "over30": 0.001599360255897641,
      "over25": 0.03378648540583767,
      "over20": 0.304078368652539
    },
    "Antonio Nicolosi": {
      "win": 0.053378648540583766,
      "podio": 0.19652139144342262,
      "over30": 0.022391043582566973,
      "over25": 0.10055977608956418,
      "over20": 0.27129148340663733
    },
    "Emanuele Bertolucci": {
      "win": 0.028188724510195922,
      "podio": 0.11535385845661736,
      "over30": 0.00899640143942423,
      "over25": 0.05497800879648141,
      "over20": 0.18632546981207518
    },
    "Andrea Romboli": {
      "win": 0.05417832866853259,
      "podio": 0.15073970411835266,
      "over30": 0.0313874450219912,
      "over25": 0.1015593762495002,
      "over20": 0.2067173130747701
    },
    "Chiara Tomaiuolo": {
      "win": 0.016593362654938024,
      "podio": 0.1015593762495002,
      "over30": 0.001599360255897641,
      "over25": 0.028788484606157537,
      "over20": 0.19292283086765294
    },
    "Andrea Strappato": {
      "win": 0.016993202718912435,
      "podio": 0.10055977608956418,
      "over30": 0.0029988004798080768,
      "over25": 0.032986805277888845,
      "over20": 0.18432626949220313
    },
    "Andrea Picchi": {
      "win": 0.0029988004798080768,
      "podio": 0.017792882846861254,
      "over30": 0.00039984006397441024,
      "over25": 0.003398640543782487,
      "over20": 0.0313874450219912
    },
    "Francesco Rogo": {
      "win": 0.01479408236705318,
      "podio": 0.06897241103558577,
      "over30": 0.004198320671731308,
      "over25": 0.029388244702119152,
      "over20": 0.10855657736905237
    },
    "Paolo Masini": {
      "win": 0.003998400639744102,
      "podio": 0.027588964414234307,
      "over30": 0.0005997600959616154,
      "over25": 0.007197121151539384,
      "over20": 0.05037984806077569
    },
    "Giovanni Cerretani": {
      "win": 0.01019592163134746,
      "podio": 0.03438624550179928,
      "over30": 0.003598560575769692,
      "over25": 0.018192722910835665,
      "over20": 0.056977209116353456
    }
  },
  "season": {
    "Alberto Niccolai": {
      "win": 0.9999500049995,
      "podio": 0.9999500049995,
      "top5": 0.9999500049995,
      "best_over": 0.11123887611238877,
      "best_over_plus5": 0.006799320067993201,
      "media_over": 0.00039996000399960006,
      "avg18": 0.9998500149985001,
      "best_over_thr1_value": 35,
      "best_over_thr2_value": 40,
      "media_over_thr_value": 25
    },
    "Daniele Ninci": {
      "win": 4.999500049995001e-05,
      "podio": 0.9999500049995,
      "top5": 0.9999500049995,
      "best_over": 0.6644335566443356,
      "best_over_plus5": 0.196980301969803,
      "media_over": 4.999500049995001e-05,
      "avg18": 0.9230576942305769,
      "best_over_thr1_value": 30,
      "best_over_thr2_value": 35,
      "media_over_thr_value": 25
    },
    "Andrea Della Maggiora": {
      "win": 4.999500049995001e-05,
      "podio": 0.9999500049995,
      "top5": 0.9999500049995,
      "best_over": 0.399010098990101,
      "best_over_plus5": 0.12333766623337666,
      "media_over": 4.999500049995001e-05,
      "avg18": 0.5391960803919608,
      "best_over_thr1_value": 35,
      "best_over_thr2_value": 40,
      "media_over_thr_value": 25
    },
    "Gianluca Becuzzi": {
      "win": 4.999500049995001e-05,
      "podio": 4.999500049995001e-05,
      "top5": 0.9999500049995,
      "best_over": 0.7227777222277773,
      "best_over_plus5": 0.2430756924307569,
      "media_over": 0.1606839316068393,
      "avg18": 0.7309269073092691,
      "best_over_thr1_value": 30,
      "best_over_thr2_value": 35,
      "media_over_thr_value": 20
    },
    "Matteo Brini": {
      "win": 4.999500049995001e-05,
      "podio": 4.999500049995001e-05,
      "top5": 0.9999500049995,
      "best_over": 0.02664733526647335,
      "best_over_plus5": 0.00294970502949705,
      "media_over": 4.999500049995001e-05,
      "avg18": 0.884011598840116,
      "best_over_thr1_value": 40,
      "best_over_thr2_value": 45,
      "media_over_thr_value": 25
    },
    "Francesco Pepe": {
      "win": 4.999500049995001e-05,
      "podio": 4.999500049995001e-05,
      "top5": 4.999500049995001e-05,
      "best_over": 0.6411858814118588,
      "best_over_plus5": 0.0670932906709329,
      "media_over": 0.0022997700229977,
      "avg18": 0.35466453354664534,
      "best_over_thr1_value": 25,
      "best_over_thr2_value": 30,
      "media_over_thr_value": 20
    },
    "Tommaso Banchini": {
      "win": 4.999500049995001e-05,
      "podio": 4.999500049995001e-05,
      "top5": 4.999500049995001e-05,
      "best_over": 0.4871512848715128,
      "best_over_plus5": 0.018948105189481052,
      "media_over": 4.999500049995001e-05,
      "avg18": 0.15358464153584642,
      "best_over_thr1_value": 25,
      "best_over_thr2_value": 30,
      "media_over_thr_value": 20
    },
    "Antonio Nicolosi": {
      "win": 4.999500049995001e-05,
      "podio": 4.999500049995001e-05,
      "top5": 4.999500049995001e-05,
      "best_over": 0.4057094290570943,
      "best_over_plus5": 0.08609139086091391,
      "media_over": 0.0012498750124987502,
      "avg18": 0.06784321567843216,
      "best_over_thr1_value": 30,
      "best_over_thr2_value": 35,
      "media_over_thr_value": 20
    },
    "Emanuele Bertolucci": {
      "win": 4.999500049995001e-05,
      "podio": 4.999500049995001e-05,
      "top5": 4.999500049995001e-05,
      "best_over": 0.5886411358864113,
      "best_over_plus5": 0.12503749625037497,
      "media_over": 0.0020997900209979003,
      "avg18": 0.0800919908009199,
      "best_over_thr1_value": 25,
      "best_over_thr2_value": 30,
      "media_over_thr_value": 20
    },
    "Andrea Romboli": {
      "win": 4.999500049995001e-05,
      "podio": 4.999500049995001e-05,
      "top5": 4.999500049995001e-05,
      "best_over": 0.4597040295970403,
      "best_over_plus5": 0.12338766123387661,
      "media_over": 0.0164983501649835,
      "avg18": 0.8926107389261074,
      "best_over_thr1_value": 30,
      "best_over_thr2_value": 35,
      "media_over_thr_value": 25
    },
    "Chiara Tomaiuolo": {
      "win": 4.999500049995001e-05,
      "podio": 4.999500049995001e-05,
      "top5": 4.999500049995001e-05,
      "best_over": 0.9807019298070193,
      "best_over_plus5": 0.4313568643135686,
      "media_over": 4.999500049995001e-05,
      "avg18": 0.03189681031896811,
      "best_over_thr1_value": 20,
      "best_over_thr2_value": 25,
      "media_over_thr_value": 20
    },