{
  "season_id": "s1-2026",
  "generated_at": "2026-05-28T11:00:48.826666Z",
  "next_matchday": {
    "Alberto Niccolai": {
      "win": 0.17373050779688123,
      "podio": 0.45121951219512196,
      "over30": 0.0663734506197521,
      "over25": 0.26009596161535387,
      "over20": 0.5821671331467413
    },
    "Daniele Ninci": {
      "win": 0.12734906037584967,
      "podio": 0.3210715713714514,
      "over30": 0.06457417033186726,
      "over25": 0.18912435025989605,
      "over20": 0.42083166733306676
    },
    "Andrea Della Maggiora": {
      "win": 0.18512594962015194,
      "podio": 0.36965213914434225,
      "over30": 0.12934826069572172,
      "over25": 0.26249500199920034,
      "over20": 0.44402239104358254
    },
    "Gianluca Becuzzi": {
      "win": 0.13934426229508196,
      "podio": 0.3572570971611356,
      "over30": 0.07756897241103558,
      "over25": 0.22071171531387446,
      "over20": 0.4422231107556977
    },
    "Matteo Brini": {
      "win": 0.11875249900039984,
      "podio": 0.3438624550179928,
      "over30": 0.059576169532187126,
      "over25": 0.21051579368252699,
      "over20": 0.4446221511395442
    },
    "Francesco Pepe": {
      "win": 0.030987604958016793,
      "podio": 0.19772091163534586,
      "over30": 0.005397840863654539,
      "over25": 0.05917632946821272,
      "over20": 0.2960815673730508
    },
    "Tommaso Banchini": {
      "win": 0.02778888444622151,
      "podio": 0.18592562974810076,
      "over30": 0.001799280287884846,
      "over25": 0.03638544582167133,
      "over20": 0.30167932826869254
    },
    "Emanuele Bertolucci": {
      "win": 0.022391043582566973,
      "podio": 0.09736105557776889,
      "over30": 0.006797281087564974,
      "over25": 0.04178328668532587,
      "over20": 0.149140343862455
    },
    "Antonio Nicolosi": {
      "win": 0.06177528988404638,
      "podio": 0.20411835265893644,
      "over30": 0.0349860055977609,
      "over25": 0.12215113954418233,
      "over20": 0.29928028788484606
    },
    "Andrea Romboli": {
      "win": 0.04918032786885246,
      "podio": 0.12734906037584967,
      "over30": 0.0313874450219912,
      "over25": 0.08736505397840863,
      "over20": 0.17652938824470213
    },
    "Chiara Tomaiuolo": {
      "win": 0.013594562175129948,
      "podio": 0.09196321471411435,
      "over30": 0.0023990403838464614,
      "over25": 0.029388244702119152,
      "over20": 0.17393042782886844
    },
    "[object PointerEvent]": {
      "win": 0.007996801279488205,
      "podio": 0.0313874450219912,
      "over30": 0.003198720511795282,
      "over25": 0.016193522590963613,
      "over20": 0.05117952818872451
    },
    "Andrea Strappato": {
      "win": 0.013994402239104359,
      "podio": 0.08496601359456217,
      "over30": 0.0029988004798080768,
      "over25": 0.02538984406237505,
      "over20": 0.14634146341463414
    },
    "Andrea Picchi": {
      "win": 0.001999200319872051,
      "podio": 0.02039184326269492,
      "over30": 0.00019992003198720512,
      "over25": 0.0027988804478208716,
      "over20": 0.035385845661735305
    },
    "Francesco Rogo": {
      "win": 0.012994802079168333,
      "podio": 0.05197920831667333,
      "over30": 0.004398240703718513,
      "over25": 0.026389444222311077,
      "over20": 0.09036385445821671
    },
    "Paolo Masini": {
      "win": 0.004998000799680128,
      "podio": 0.02578968412634946,
      "over30": 0.00019992003198720512,
      "over25": 0.0075969612155137945,
      "over20": 0.05157936825269892
    },
    "Giovanni Cerretani": {
      "win": 0.010995601759296281,
      "podio": 0.04018392642942823,
      "over30": 0.004798080767692923,
      "over25": 0.02179128348660536,
      "over20": 0.060775689724110356
    }
  },
  "season": {
    "Alberto Niccolai": {
      "win": 0.9999500049995,
      "podio": 0.9999500049995,
      "top5": 0.9999500049995,
      "best_over": 0.13158684131586842,
      "best_over_plus5": 0.00964903509649035,
      "media_over": 0.00039996000399960006,
      "avg18": 0.9999000099990001,
      "best_over_thr1_value": 35,
      "best_over_thr2_value": 40,
      "media_over_thr_value": 25
    },
    "Daniele Ninci": {
      "win": 4.999500049995001e-05,
      "podio": 0.9999500049995,
      "top5": 0.9999500049995,
      "best_over": 0.684981501849815,
      "best_over_plus5": 0.21012898710128988,
      "media_over": 4.999500049995001e-05,
      "avg18": 0.9193580641935807,
      "best_over_thr1_value": 30,
      "best_over_thr2_value": 35,
      "media_over_thr_value": 25
    },
    "Andrea Della Maggiora": {
      "win": 4.999500049995001e-05,
      "podio": 0.9999500049995,
      "top5": 0.9999500049995,
      "best_over": 0.5774422557744225,
      "best_over_plus5": 0.22867713228677133,
      "media_over": 0.0006999300069993001,
      "avg18": 0.8685631436856315,
      "best_over_thr1_value": 35,
      "best_over_thr2_value": 40,
      "media_over_thr_value": 25
    },
    "Gianluca Becuzzi": {
      "win": 4.999500049995001e-05,
      "podio": 4.999500049995001e-05,
      "top5": 0.9999500049995,
      "best_over": 0.7337766223377662,
      "best_over_plus5": 0.254024597540246,
      "media_over": 0.1683831616838316,
      "avg18": 0.7258274172582742,
      "best_over_thr1_value": 30,
      "best_over_thr2_value": 35,
      "media_over_thr_value": 20
    },
    "Matteo Brini": {
      "win": 4.999500049995001e-05,
      "podio": 4.999500049995001e-05,
      "top5": 0.9999500049995,
      "best_over": 0.0313968603139686,
      "best_over_plus5": 0.00264973502649735,
      "media_over": 4.999500049995001e-05,
      "avg18": 0.8813118688131187,
      "best_over_thr1_value": 40,
      "best_over_thr2_value": 45,
      "media_over_thr_value": 25
    },
    "Francesco Pepe": {
      "win": 4.999500049995001e-05,
      "podio": 4.999500049995001e-05,
      "top5": 4.999500049995001e-05,
      "best_over": 0.6599340065993401,
      "best_over_plus5": 0.08534146585341466,
      "media_over": 0.0024497550244975503,
      "avg18": 0.3606139386061394,
      "best_over_thr1_value": 25,
      "best_over_thr2_value": 30,
      "media_over_thr_value": 20
    },
    "Tommaso Banchini": {
      "win": 4.999500049995001e-05,
      "podio": 4.999500049995001e-05,
      "top5": 4.999500049995001e-05,
      "best_over": 0.5230976902309769,
      "best_over_plus5": 0.024397560243975602,
      "media_over": 4.999500049995001e-05,
      "avg18": 0.1608839116088391,
      "best_over_thr1_value": 25,
      "best_over_thr2_value": 30,
      "media_over_thr_value": 20
    },
    "Emanuele Bertolucci": {
      "win": 4.999500049995001e-05,
      "podio": 4.999500049995001e-05,
      "top5": 4.999500049995001e-05,
      "best_over": 0.5634936506349365,
      "best_over_plus5": 0.12808719128087193,
      "media_over": 0.0035496450354964505,
      "avg18": 0.09644035596440356,
      "best_over_thr1_value": 25,
      "best_over_thr2_value": 30,
      "media_over_thr_value": 20
    },
    "Antonio Nicolosi": {
      "win": 4.999500049995001e-05,
      "podio": 4.999500049995001e-05,
      "top5": 4.999500049995001e-05,
      "best_over": 0.42845715428457154,
      "best_over_plus5": 0.09354064593540647,
      "media_over": 0.0014998500149985001,
      "avg18": 0.07229277072292771,
      "best_over_thr1_value": 30,
      "best_over_thr2_value": 35,
      "media_over_thr_value": 20
    },
    "Andrea Romboli": {
      "win": 4.999500049995001e-05,
      "podio": 4.999500049995001e-05,
      "top5": 4.999500049995001e-05,
      "best_over": 0.4385061493850615,
      "best_over_plus5": 0.11943805619438057,
      "media_over": 0.0192980701929807,
      "avg18": 0.8814618538146185,
      "best_over_thr1_value": 30,
      "best_over_thr2_value": 35,
      "media_over_thr_value": 25
    },
    "Chiara Tomaiuolo": {
      "win": 4.999500049995001e-05,
      "podio": 4.999500049995001e-05,
      "top5": 4.999500049995001e-05,
      "best_over": 0.9696030396960303,
      "best_over_plus5": 0.4255074492550745,